crow	stay in	winter	0	0
religion	has_property	a source of conflict	0	1
christmas	carol	end	0	0
people	can watch anymore	tv	1	0
parallel bars	has_property	quota	0	0
fractional distillation	be used	to separate crude oil into fractions	0	1
vegemite	be made in	australia	0	1
champagne	has_property	different from prosecco	0	1
physical therapist	take	chemistry	0	1
raid	spawn in	pokemon	0	1
hotel	use	social media	0	1
magnetic compass	find	direction on earths surface	0	1
hoofing	can	end	0	0
fox	dig	holes in lawns	0	1
wolf	can attract	mates	0	1
game	be ok with	theft	0	1
biodiversity	has_property	high in the tropical rain forest	0	1
mandate	has_property	enforced	0	0
popcorn	bag of is	fewer calories	0	0
marriage	can	look	0	0
menstruation	be related to	pregnancy	0	1
bosch	affect world	today	0	1
celebrity	get paid	for commercials	0	1
urine	can	bubble	0	1
agriculture	use	energy	0	1
muck	has_property	rack	0	0
people	build	goons on master i	0	0
whale	has_property	sick valuable	0	1
starlet	has_property	doing	0	0
dopamine	has_property	triggered	0	1
report	has_property	view	0	1
polypeptide	has_property	worked	0	0
ab	can	brake	0	1
heart	murmur	occur	0	0
camel	provide	water	0	1
movie	be rare	like " madras cafe	0	0
delf	has_property	valid	0	1
brown bat	can	eat	1	1
co2	affect	photosynthesis	0	1
urea	has_property	when hydrolyzed	0	0
gynecologist	check for	pregnancy	0	1
osteocyte	can	osteoblast	0	0
plaster	be used for	walls	0	1
founding	fathers	day	0	0
infection	look	like	0	0
number	be different from	even numbers	0	0
chemistry	be important for	everyday life	0	1
presbyterian	drink	alcohol	0	1
foot	rots	expire	0	0
plant	help humans	today	0	1
network	be faster than	wireless	0	0
flag	has_diet	vegan	0	0
horse	face	into the wind during a storm	0	1
hernan cortes	has_property	wanted	0	0
percolate	zone	work	0	0
price	be	right contestants get picked	0	0
see	has_property	gallery	0	0
viola	has_color	yellow	0	1
giant panda	be used for	entertainment	0	1
copper	react with	sulfuric acid	0	1
crockery	can	yamunanagar	0	0
people	get	on computers	0	1
rose	can	come	0	1
urea	react	with labor	0	0
bubble	rise	in a fizzy drink	0	1
ischemia	has_property	natural	0	1
stretch reflex	be involved in	cliometrics	0	0
hexane	has_property	an appropriate solvent for extracting fat from hamburger meat	0	1
mosque	can	vote	0	0
work	has redness of	4 wire	0	0
clover	can	taste	0	1
insulin	was	discovered	0	1
ribosome	quiz	let	0	0
write	can	faster	0	0
market	be to	book ratio important	0	0
people	say	nuclear	0	1
aroma	be 's	joe	0	0
love	has_property	hurt	0	1
rule	change	for sports from backyard games to professional games	0	1
bowling	pins	uk	0	0
dog	get	cookies reedit	0	0
afghan	to treat	guests according to father	0	1
compact	has_property	handled	0	0
bayonne	be good place	live	0	1
bail	relate	to the idea of presumed innocence	0	1
blizzard	refuse	to fix lillian	0	1
word	has_property	pronounced differently	0	1
enterprise	requires	a deposit	0	1
cause	can	quiz	0	0
republic	compare to	virgin mobile	0	0
pelargonium	has_property	hortorumus	0	1
pacifier	has_movement	quick	0	1
flea	react	to water	0	1
tax	bill	search	0	0
handicapped	has_property	jobs	0	0
angler	contribute to	fish conservation	0	1
urbanization	contribute to	pollution briefly	0	1
lightning	produce	ozone	0	1
pearl harbor	has_property	dumb	0	0
people	mention	the float of vanilla knives	0	0
woman	can work as	construction worker	1	1
musical instrument	be used in	church	0	1
cheese	be white	blue cheese	0	0
greenhouse	has_color	green	0	1
lunar eclipse	occur during	full moon	0	1
cargo	go by	ship	0	1
computer mouse	be called	mouse	0	1
astronaut	travel in	space	0	1
rainbow	appear as	arch	0	1
hamburger	be called	ham	0	1
agriculture	be in	world	0	1
cork	be used in	wine bottle	0	1
carpet	be in	car	0	1
red meat	has_color	red	0	1
energy	be converted to	solar energy	0	1
soap	be better than	bar soap	0	0
class	be in	college	0	1
leak	be in	water	0	0
eclipse	occur during	full moon	0	1
moth	be called	peppered moth	0	1
spiral galaxy	spin in	spiral	0	1
computer	be important in	world	0	1
jumping jack	be called	jumping	0	1
cowboy	wear	chaps	0	1
water	be in	water filter	0	1
ink	be used in	printing	0	1
insect	be important in	ecosystem	0	1
insect	be important in	agriculture	0	1
astronaut	go in	outer space	0	1
people	using god as	argument	0	1
tornado	be related to	thunderstorm	0	1
sand dollar	be found in	sand	0	1
peace	be in	world	0	1
ballet	be same as	modern dance	0	1
metal	be good conductor of	heat	0	1
people	use love as	weapon	0	1
white wine	remove	red wine	0	0
insect	moving slowly in	winter	0	1
concrete	be used as	building material	0	1
microphone	be used as	output device	0	1
citric acid	be more soluble in	water	0	1
biologist	be interested in	chemistry	0	1
school	be different from	high school	0	1
printer	print	text	1	1
poker	has_property	play	0	0
people	dislike people in	world	0	1
hammerhead	can	shark	0	0
hockey	can	play	0	0
color	absorb	heat	0	1
weather	consider something as	organism	0	0
greenhouse	has_color	green	0	1
teddy bear	be called	teddy bears	0	1
ant	work as	team	0	1
area	has_property	a vector	0	0
glass	be called	glasses	0	1
carbon dioxide	has_property	a gas	0	1
woman	use	the children as a weapon	0	0
child	has_property	children	0	1
actor	prepare	before a movie	0	1
indian	be in	india	0	1
hamburger	be called	ham	0	1
airplane	fly	around in the air	0	1
lunar eclipse	occur during	full moon	0	1
audi	has_property	a unique	0	0
ant	travel	in a line	0	1
fat person	has_weight	fat	0	1
australia	has_property	a continent	0	1
fruit	has_property	fruits	0	1
people	believe	in a god	0	1
atom	has_property	in a molecule	0	1
carpet	be in	car	0	1
criminal	be in	the	0	0
plant	transport	water from the roots to the leaves	0	1
atom	has_property	in a compound	0	1
water	be used	as a coolant	0	1
animal	has_property	as different as an eagle	0	0
light	can have	the properties of a particle	0	1
dog	mount	other dogs	0	1
planet	orbit	the sun in a similar plane	0	1
animal	has_property	animals	0	1
star	to move	in the sky	0	1
zombie	eat	flesh	0	1
animal	has_property	as different as a sea squirt	0	0
golf	be considered	as a challenge	0	1
prisoner	be in	prison	0	1
egg	get	in a uterus	0	1
enzyme	function as	catalysts	0	1
magnet	be called	magnets	0	1
mushroom	be called	mushrooms	0	1
boy	has_property	boys	0	1
queen	become	queens	0	1
boy	like	boys	0	1
human	has_property	a tailbone	0	0
friendship	has_property	a problem	0	1
man	has_property	a penis	0	1
mobile phone	be called as	cell phone	0	1
hunting	be as	sport	0	1
girl	has_property	a vagina	0	1
bluebird	has_color	blue	0	1
man	has_property	in a relationship	0	1
mushroom	get	food	0	1
planet	emit	light	0	0
flame	has_color	yellow	0	1
golf	has_property	fun	0	1
thunderstorm	happen at	night	0	1
engagement ring	have	diamond	0	1
schematic	has_property	diagram	0	1
rose	turn	purple	0	1
earth	has_color	blue	0	1
elephant	have wrinkled	skin	0	1
mushroom	obtain	food	0	1
earth	look	blue	0	1
cloud	go	grey	0	1
river	can	flood	0	1
car	can	rust	0	1
nail	has_color	purple	0	1
bone	go	black	0	1
apple	has_property	tree	0	0
wine	has_color	white	0	1
baby	feel	love	0	1
gold	turn	black	0	1
engagement ring	has_property	platinum	0	1
curtain	has_color	yellow	0	1
zombie	eat	flesh	0	1
light bulb	has_color	white	0	1
potato	has_property	vegetable	0	1
lightning	has_property	electricity	0	1
engagement ring	has_property	diamond	0	1
sailboat	has_color	white	0	1
iphone	go	black	0	1
rose	absorb	water	0	1
dance	has_property	exercise	0	1
sunset	has_color	purple	0	1
rose	drink	water	0	1
apple	turn	red	0	1
metal	sink in	water	0	1
christmas tree	need	water	0	1
tree	attract	lightning	0	1
tennis player	change	rackets	0	1
cloud	look	grey	0	1
woman	giving	birth	0	1
windmill	pump	water	0	1
organism	get	food	0	1
emoticon	has_color	yellow	0	1
pollution	affect	water	0	1
flower	bloom at	night	0	1
woman	go together to	bathroom	0	1
woman	need	iron	0	1
metal	pollute	water	0	1
water	has_property	pollution	0	0
moss	get	water	0	1
moss	absorb	water	0	1
heart	symbolize	love	0	1
school bus	has_color	yellow	0	1
screen	go	black	0	1
root	help	plant	0	1
silver	turn	black	0	1
human	need	food	0	1
composer	write	music	0	1
silver	become	black	0	1
plant	be in	tundra	0	1
bivalve	obtain	food	0	1
mustard	has_color	yellow	0	1
blueberry	has_color	blue	0	1
heart	has_property	love	0	1
cloud	has_color	purple	0	1
woman	play	games	0	1
carpet	has_color	red	0	1
cloud	turn	pink	0	1
computer	need	software	0	1
light bulb	produce	light	0	1
cloud	look	pink	0	1
flame	has_color	orange	0	1
human	feel	love	0	1
banana	turn	yellow	0	1
heart	represent	love	0	1
camera	use	light	0	1
soccer ball	has_color	black	0	1
cat	freak	cute	0	0
windmill	pump	water	0	1
santa claus	wear	red	0	1
plant	need	sun	0	1
flower	drink	water	0	1
smoke	has_color	black	0	1
human	eat	food	0	1
river	turn	red	0	1
lightning	has_property	electricity	0	1
lion	has_body_part	whiskers	0	1
zombie	eat	flesh	0	1
ocean	look	blue	0	1
water	be on	earth	0	1
star	move in	sky	0	1
earthquake	can cause	fire	0	1
candy cane	has_color	red	0	1
soccer ball	has_color	white	0	1
heart	mean	love	0	1
fire hydrant	has_color	red	0	1
water	be distributed on	earth	0	1
candy cane	has_color	white	0	1
bed sheet	has_color	white	0	1
hip	hurt at	night	0	0
knight	have	silent k	0	0
patent	cost	money	0	1
plant	help	saving	0	0
woman	be attracted to	penis	0	1
north korea	threaten	japan	0	1
people	get headaches after	smoking pot	0	1
fertilizer	get added to	soil	0	1
frog	be similar to	humans internally	0	0
mile	be	alike	0	0
goose	stand in	rain	0	0
terrorist	hate	wine	0	0
cream	can	separate	0	0
athena	was different to	other gods	0	0
spar	can	mean	0	0
consistency	be important in	marketing	0	0
pillow case	be called	cases	0	0
people	be in	ancient times	0	0
wren	can	poop	0	0
card	be called	spades	0	0
kiss	wear	make-up	0	0
shop	offer back	cash	0	0
people	be in	soccer fake injuries	0	0
television	be better than	american	0	0
drunk	get	angry	0	1
people	walk around without	shoes	0	0
frog	come out at	night	0	1
hawk	be afraid of	crows	0	1
cluster	appear in	populated city areas	0	0
density	be related to	convection currents	0	0
everyone	feel about	sword art online	0	0
elizabeth	be called	regina	0	0
bid	compare to	other similar companies	0	0
sauerkraut	be good for	gut	0	1
curtain	can	shrink	0	0
school	have	exist	0	0
canada	be better than	india	0	0
computer	be called	computer science	0	0
expectation	be root of	heartache	0	0
onion	be bad for	dogs	0	0
insect	be important to	environment	0	1
samarium	be used as	reducing agent	0	0
foot	turn	black	0	0
whisker	be in	mythology island	0	0
recipe	be with	dates	0	0
people	feel about	freeway riding	0	0
sea water	appear	green	0	1
ray	kill william in	call of juarez bound in blood	0	0
everything	do with	defenders	0	0
arizona	be known as	valentine state	0	0
gym	require	credit cards	0	0
state	make	money	0	0
ice	kill	rats	0	0
gon	be low rank in	terms of power level	0	0
egg	affect	bread	0	0
company	form	long term plans	0	0
carnation	can	last	0	0
play	be very important for	kids	0	1
people	hate much	calvin johnson rule	0	0
golf	be sport with	senior tour	0	0
pine tree	be for	christmas	0	1
making	be requirement for	business	0	0
chromosome	determine	gender	0	1
formaldehyde	can	smell	0	1
deer	can	breathe	0	0
headache	go away	vomiting	0	0
judge	push back	court dates	0	0
ferret	lose	hair	0	0
everyone	be in	harry potter	0	0
maya	live in	middle america	0	0
lawn mower	keep	stalling	0	0
people	know about	native americans	0	0
socrates	be important to	ancient greece	0	1
amp	be	related	0	0
people	be serious in	general	0	0
oyster	can	multiply	0	0
hamster	get	green ears	0	0
twitter	be in	news section on app store	0	0
amiodarone	need	filter	0	0
people	use	elixir collector	0	0
people	get very fast	very tired	0	0
guy	be on	top	0	1
comet	keep	coming back	0	1
media	be effective for	businesses	0	1
shark	come to	surface	0	0
mobile phone	be easier	days	0	0
education	lack of is	social problem	0	1
fart	feel	wet	0	1
everyone	feel about	hydrokinesis	0	0
people	buy	neobeeq	0	0
people	be usually meaner on	internet	0	1
magnitude	be in	action compare to other	0	0
marsupial	be found in	australia	0	1
erosion	be bad for	soil	0	1
living thing	depend on	non living things for survival in desert	0	0
penguin	have wedded	feet	0	0
duration	be in	years	0	0
woman	have boobs	time	0	0
andromeda	be 42gbs on	ps4	0	0
people	need	catheters	0	0
emotion	be important in	decision making	0	0
number	need	units	0	1
stick	eat at	night	0	0
romanian	speak	french	0	0
concrete	can	pit	0	0
historian	can examine sources from	fact	0	1
sugar	be removed from	bottled lime juice	0	0
google	kill	google reader	0	0
chicken	have	large talons	0	1
frog	puff up	throats	0	1
interest	be useful in	real life	0	0
game	nowadays are missing	demos	0	0
everyone	here justify	taking	0	0
pan	bend in	oven	0	0
spain	be developed	country	0	0
guy	be with	foot	0	0
people	be with	squints	0	0
beer	taste	bad	0	0
animal	seem	sense	0	0
people	build frost queen on	leblanc	0	0
human	can use	animal blood	1	0
sticker	work on	atomic level	0	0
king	be caspian sailing to	unknown islands in east	0	0
tiger	be important for	humans	0	0
vendor	be resistant	giving	0	0
worm	be faster than	snails	0	0
water	turn with	yellow flame	0	0
politician	be in	states	0	0
wind	move in	northern hemisphere	0	0
firm	increase	market share	0	1
rape	be such thing in	india	0	0
terrorist	need	financing	0	0
peppermint	relieve	headaches	0	1
american	express	card	0	0
people	get	flairs	0	0
battery	locking doors on	1991 buick regal	0	0
pollen	be	dispersed	0	1
sediment	be in	urine	0	0
target	can	work	0	0
people	want	triple h	0	0
file	be checked for	textual accuracy in microsoft word	0	0
google	give	irrelevant results	0	0
scout	kick man in	mob	0	0
people	opt for	offshore development services	0	0
hot water	be from	tap white	0	1
people	know at	when door	0	0
technology	can save	lives	0	1
god	communicate with	moses	0	0
japan	be important in	world history	0	0
vice president	preside over	senate	0	0
hound	want	kill	0	0
reward	go out on	12th	0	0
energy	be	transformed	0	1
andrew	be left	hated	0	0
reflection	be on	practice important	0	0
fungi	cause	spoil	0	1
marijuana	be considered	bad	0	0
projector	has_color	yellow	0	0
loading	be onto	truck rack	0	1
insect	camouflage	themselves	0	1
team	get	26 players	0	0
life	be in	egypt	0	0
trump	be considered	bad person	0	0
dog	can see	farts	0	0
monster	was	created	0	0
pony	can	poop	0	0
people	can just wear	warm clothes	0	1
camera	be	similar	0	0
sponge	get	bigger	0	0
molar	digesting	food	0	1
sound	get	quiet	0	0
snake	receive messages from	other snakes	0	0
planet earth	be considered as	blue planet	0	1
word	trifle is meaningful in	play	0	0
slot	can	wins	0	0
guy	be more acceptable than	fat chicks	0	0
today	has	society	0	0
copper	be good conductor of	heat	0	1
people	get	tattoos	0	0
olive	be cured with	lye	0	0
water	have	expiration date uk	0	0
continent	be different to	countries	0	0
zeus	be	related	0	0
candle	burn out quicker	floating on water	0	0
compassion	be important in	medicine	0	0
octave	have	12	0	0
cold weather	make	cars rust	0	0
music	be in	class	0	0
jew	celebrate	passover	0	1
inflation	be	related in singapore	0	0
people	waste	money	0	1
people	be already shitting on	dorsey	0	0
people	go to	school	0	1
parakeet	break	eggs	0	0
alcoholic	vomit in	morning	0	1
number	be important in	quantum mechanics	0	0
bacon	be bad for	dogs	0	0
hospital	give	jello	0	0
jeremiah	be rightly called	prophet of doom	0	0
everybody	make	fun of gingers	0	0
table	break across	pages in word	0	0
laser	produce	light	0	1
sperm	can	swim	0	1
balance	be important in	representative democracy	0	0
narrator	call	them childish	0	0
thai	be orange	tea	0	0
church	be important in	bible	0	0
smoking	was	made	0	0
man	resent	women	0	0
pupil	turn on	photos	0	0
china	keep	lending	0	0
pill	be	made	0	0
fermentation	be different from	cellular respiration	0	0
tree	shed	leaves on dry season	0	1
wood	be used in	construction	0	1
side	consider	boring	0	0
lipid molecule	be amphipathic in	cell membranes	0	0
people	buy	booster boxes	0	0
man	treat	yeast infections	0	0
seed	be bad in	weed	0	0
sparrow	lay	eggs	0	1
chicken	can	fight	0	0
tar	be added to	cigarettes	0	1
gas	be cheaper than	electricity	0	0
wasabi	be eaten with	sushi	0	1
race	be unlike	dog breeds	0	0
dog	go at	taste of human food	0	0
crate	be good for	dogs	0	0
make	be important in	india	0	0
speaker	use	electromagnets	0	1
gladiator	can	dress	0	1
lorry	have	air brakes	0	1
ghana	be	shaped	0	0
alice	resent	dana	0	0
kitten	roll on	back	0	1
culture	show	love	0	0
steroid	pass through	cell membranes	0	1
baseball player	leave out	index finger	0	1
air travel	get	today	0	0
people	live around	ocean	0	1
institution	be important to	society	0	1
water vapor	be less dense than	air	0	1
life	be different as	prior enlisted	0	1
people	can sell prints at	conventions	0	1
catholic priest	be called	father	0	1
hack	be with	google chrome	0	0
football	be called	grid iron	0	1
car	can	hydroplane	0	0
smoking	be in	antarctica	0	0
mineral	be considered	inorganic	0	1
airline	charge	convenience fee	0	1
people	get punished	today	0	0
fire	affect	environment	0	1
energy	relate	vacuum	0	0
people	prefer	base cards	0	0
sled	be	alike	0	0
people	believe in	russian bias	0	0
people	change in	workplace	0	1
odor	get to	brain	0	1
fire	burn	things	0	1
house	have	windows	0	1
failure	rescue	nursing quality indicator	0	0
jew	sing lullabies in	shower	0	0
phosphorus	have	2 valencies	0	1
catholic	celebrate	saints	0	1
chestnut	can	explode	0	1
many things	change at	once during puberty	0	1
coronary artery	run instead of	inside	0	0
girl	can	flash	0	0
everyone	be jerk to	ms	0	0
people	be upset	gluing ten things free	0	0
report	be called	reviewbrah	0	0
coughing	be in	morning	0	0
rhino	can	reproduce	0	1
gigabyte	be	k7	0	0
cable	be attached to	cell phone towers	0	0
french person	say	420	0	0
student	be denied	right to bankruptcy	0	1
businessman	earn	profit	0	1
civilization	can	rebuild	0	1
denmark	have	low income inequality	0	1
slavery	be linked with	stoke-on-trent	0	0
religion	be allowed	exist	0	1
tablet	dissolve slower in	cold water	0	1
wedding ring	go in	left hand	0	1
hawk	stand on	one leg	0	1
bird	migrate in	winter	0	1
people	laugh off	fear	0	1
trade	be with	other people around world	0	1
phenolphthalein	can	react	0	1
distortion	happen in	welding	0	1
scavenger	be important to	ecosystem	0	1
soccer	help	people socially	0	1
sparrow	can	sound	0	0
bird	move from	one place	0	1
magnet	soothe	skin	0	0
mosquito	bites	bloat	0	0
society	need	economic systems	0	1
people	work hours for	less pay	0	0
iran	be in	news	0	1
earth	be destroyed in	hitchhiker 's guide to galaxy	0	1
toilet	be called	wc	0	1
people	make money in	togo	0	0
plant	need	proteins	0	0
vent	be in	attic	0	1
rat	live in	attics	0	1
rust	be called	oxidation reaction	0	1
word	end in	ism	0	0
lovebird	can	see	0	1
japan	restart	sendai reactor	0	1
people	be disrespectful on	internet	0	1
flag	use much	name goliath	0	0
woman	be difficult to	approach	0	0
substance	vary in	density	0	1
people	make	twinks	0	1
quartz	be written in	watches	0	1
muslim	be against	sex before marriage	0	1
meme	affect	society	0	1
island	be formed without	volcanoes	0	1
magnesium	be given to	patients	0	1
area	be found in	land in rural areas	0	0
firm	issue	guaranteed bonds	0	1
website	hijack	middle mouse button	0	1
human being	find	things revolting	0	1
depression	be in	milk ejection	0	0
zebra	be	endangered	0	0
people	riled up during	orientation week	0	0
pan	buckle in	oven	0	0
man	give	women	0	0
people	address valve as	volvo	0	0
material	be	designed	0	1
soda	be used at	waste-water plant	0	1
plant	can	cry	0	0
people	can	crap	0	0
event	shape	continent	0	1
mexico city	be prone to	earthquakes	0	0
masturbation	be viewed in	ahmadiyya	0	0
matter	take up	space	0	1
word	injudicious in	sentence	0	0
scientist	know	composition of star	0	1
everyone	have	dreams	0	1
english	be most common language in	canada	0	1
vegetarian	be	fast food restaurant	0	0
strawberry	give	hives	0	0
bet	be on	sand	0	0
researcher	find	statistics	0	1
plant	use glucose	release	0	0
gold	be	alike	0	0
snow	accumulate in	stripes	0	0
celery	keep bread	getting	0	0
documentary	be good source of	information	0	0
pro	get	leave	0	0
math	be used in	career of pilot	0	1
drop	stopped	working	0	0
computer	be used in	different places	0	1
waste	can	quiz	0	0
people	hate	mondays	0	1
people	try	quit	0	0
cadmium	has_color	white	0	1
people	driving into	buildings	0	0
sodium acetate	be used in	hot packs	0	0
fat	be soluble in	organic solvents	0	1
logan	give	rocket	0	0
lightning	can	begin	0	0
carrot	cause	hiccups	0	0
shaman	can	quit	0	0
ozone	be naturally produced in	atmosphere	0	1
rosh hashanah	be celebrated for	two days	0	1
producer	be related to	primary consumers	0	0
cop	can	yell	0	1
ferret	help	people	0	0
mcdonald	leave	walmart	0	0
snake	live in	dry areas	0	1
wave	be produced	propagated	0	0
cat	rub on	floor	0	1
pattern	be on	tires	0	1
area	be in	than motorway	0	0
life	be affected by	hurricanes	0	1
woodpecker	peck holes in	wood	0	1
word	has_color	yellow	0	0
everyone	be on	internet	0	0
rugby	was	created	0	0
trade	was	introduced	0	0
uranus	be important to	greek mythology	0	1
bulldog	can	nibble	0	1
cheetah	hide from	enemies	0	1
people	use	twitch	0	0
fallopian tube	get	swollen	0	1
montreal	be island of	french	0	0
insurance	be in	other countries	0	0
drinking water	be first thing in	morning good	0	1
people	smoke	sex	0	0
candle	be used in	confirmation	0	0
acid	get in to	rain clouds	0	1
spinner	be good for	stress	0	1
people	ask for	cigarettes	0	1
people	care much about	dogs	0	1
engineer	use	graphics too record information	0	0
jay	peck	wood	0	1
la	can	recycle	0	0
gland	become	swollen	0	1
sloth	can	die	0	1
people	reject	god	0	1
people	can cross street	days	1	0
partridge	was in	trouble	0	0
pollution	be biggest problem	today	0	1
girl	want	big butt	0	0
college	need	money	0	1
hiker	put on	thicker clothes	0	1
information	be from	dna	0	0
reference	need	addresses	0	0
ecosystem	be around	hydro thermal vents unique	0	0
shallot	go to	seed	0	0
people	say	bye	0	1
old person	be rude to	teenagers	0	1
scientist	test	new drugs	0	1
neil armstrong	was first person	land on moon	0	0
people	lie about	other people	0	1
cell division	be in	eukaryotes more complex	0	1
bear	survive	winter	0	1
man	love	watches	0	1
guy	ask for	itunes cards	0	1
people	get paid	lot	0	1
people	use glass	listen through walls	0	0
everyone	stare at	numbers	0	1
massage	feel	nice	0	1
baby	get	smallpox	0	1
technology	was used in	world war 1	0	1
guanine	be different from	cytosine	0	1
complexion	can	enhancer	0	0
text	have	moon	0	0
emotion	be strong in	dreams	0	1
human	can eat	carrion meat	1	1
people	get in	summer	0	0
company	care about	diversity	0	1
firewall	can	works	0	0
people	defend	343 studios	0	0
drummer	play	barefoot	0	0
bone	can stay	same mass	1	1
wake	can	zybez	0	0
spatula	be called	maurice	0	1
people	suck at	soccer	0	1
fibromyalgia	make	u tired	0	0
generation	come	be	0	0
diversity	can	exist	0	1
kid	earn money on	cold day	0	0
compilation	can	mean	0	0
muslim	treat	women	0	1
force	result in	motion	0	1
farmer	use	chemistry	0	1
inflation	be good for	economy	0	1
bird	can sit without	shocking themselves	0	1
ostrich	can	adapt	0	1
chicken	come out	chewy	0	1
company	be on	social media	0	1
people	be obsessed with	rank	0	1
position	be	related	0	1
mercury	be preferred as	barometric liquid	0	1
monkey	drink	water	0	1
sculptor	carve	marble	0	1
waiter	serve	food	0	1
sheep	follow	shepherd	0	1
nurse	do	job	0	1
cow	go	moo	0	0
barber	cut	hair	0	1
camel	drink	water	0	1
judge	wear	wig	0	1
donkey	protect	cattle	0	1
reporter	cover	hurricane	0	0
crow	drink	water	0	1
boar	be	invasive	0	0
servant	be	treated	0	0
cow	eat	grass	0	1
mouse	eat	cheese	0	1
cat	try	bite	0	1
deer	drink	water	0	1
cat	drink	water	0	1
fireman	slide down	pole	0	1
historian	study	history	0	1
waiter	pour	wine	0	1
dog	love	lick	0	1
fox	eat	food	0	1
shepherd	herd	sheep	0	1
ant	eat	food	0	1
mouse	enjoy	cheese	0	1
pig	eat	food	0	1
whale	eat	fish	0	1
actor	do	movie	0	1
bear	catch	fish	0	1
bee	collect	pollen	0	1
rabbit	eat	grass	0	1
cow	say	moo	0	1
dove	leave	nest	0	1
buffalo	defend	themselves	0	1
snake	shed	skin	0	1
sheep	eat	grass	0	1
squirrel	eat	food	0	1
rat	be	pest	0	1
waiter	wear	white	0	1
dog	eat	grass	0	1
artist	get	depressed	0	1
servant	pay	tax	0	1
turtle	eat	fish	0	1
goat	wag	tail	0	1
wire	be twisted in	pairs	0	0
parliament	be in	brussels	0	1
mil	can	request	0	1
woman	date	men	0	1
latvian	move	ireland	0	0
dog	must	must sparse	0	0
africa	be	similar physically	0	0
ship	swapping	work	0	0
people	get	banned	0	1
film	release on	friday	0	1
consumer	buy	counterfeit luxury brands	0	1
biodiversity	loss of is	source	0	0
salt	be	inorganic	0	1
euglena	can	use	0	0
movie	create wounds during	shots	0	1
people	be named	aspen	0	0
dog	eat	clothes	0	1
june	be considered	adulterer	0	0
gas	deviate from	ideal gas	0	1
raid	be for	sponsored stops	0	0
clown	have	big shoes	0	1
pickle	can	rule	0	0
time	be considered	resource	0	1
snake	be known as	farmers friends	0	1
pirate	wear	stripes	0	1
guide	see	eye	0	0
pandora	randomly stop	playing	0	0
diamond	need	certified	0	1
fortune cookies	include	fortunes	0	1
gear	fare on	pc	0	0
rosh hashanah	be in	fall	0	1
food	was kept during	world war 2	0	1
pine	have	branches at top	0	1
cathode	can	gain	0	0
company	sell	twitter followers	0	1
england	be represented by	lion	0	1
profit	be lower in	competitive markets	0	1
human	become	more intelligent	0	1
rom	can	beg	0	1
strike	damage to	companies	0	1
dollar	can	appreciate	0	0
sea otter	lay on	backs	0	1
america	have	independence day	0	1
avocado	turn inside	black	0	1
people	be terrible at	grammar	0	1
homeostasis	be considered	dynamic state	0	0
paper	fade from	light	0	1
beeswax	be used in	soap	0	1
maryland	roman	catholics	0	0
resistance	be affected by	temperature	0	1
penguin	can	see	0	1
people	buy	new mask of madness	0	0
people	wear at	night	0	0
criminal	deserve	second chance	0	1
woman	can	shave	0	1
dissection	was major advance in	health care	0	1
time zone	be marked on	time zone map	0	1
people	be afraid of	social media	0	1
music	seem	sound	0	0
cop	be allowed	murder	0	1
case	come with	floppy drive compartments	0	0
thing	change	direction	0	1
people	clap in	other peoples	0	0
author	use	parallelism	0	1
animal	hate much	cabbage	0	1
boy	be mean to	girls	0	1
india	be in	fight	0	1
lamb	symbolize	innocence	0	1
people	play	call of duty	0	1
good	move in	in thailand	0	0
cell	must contain	full set of chromosomes	0	1
kerosene	be called	mixture	0	1
people	be jealous of	americans	0	1
putter	be in	golf	0	1
britain	be in	different one	0	0
teacher	can strike in	florida	1	0
everyone	talk politics	days	0	0
portage	celebrate	christmas	0	1
doughnut	give	heartburn	0	1
christmas	be celebrated in	england	0	1
gerbil	can	fight	0	1
professional	use	blackberry	0	1
radar	miss	tornadoes	0	1
fart	can	rumble	0	1
bishop	wear	sandals	0	1
time	can exist outside of	straight line	0	0
africa	be called	most tropical of continents	0	1
beet	has_color	red	0	1
people	truss	turkey	0	1
amputation	can	expire	0	0
computer	need	program	0	1
jupiter	was named after	roman god jupiter	0	1
everyone	talk about	word fag	0	0
meridian	be important	measuring	0	1
people	buy	votes	0	1
coral	be called	stingers	0	0
skin	be itchy at	night	0	1
programmer	can	perambulate	0	1
name	can	business	0	0
businessman	love	discounts on purchases	0	1
cement	be bad for	environment	0	1
propane	be used in	winter	0	1
solar eclipse	be same as	lunar eclipses	0	1
fuse	be connected in	series	0	1
player	switch	weapons	0	1
car	cause	air pollution	0	1
politician	use	blackberry	0	1
cell division	be simpler than	than eukaryotes	0	0
lobster	scream	boiling	0	1
country	need	help	0	1
scientist	learn	more about earthquakes	0	1
joy	can	mean	0	0
people	dislike	springsteen	0	1
jesus	be known as	son of david	0	1
treatment	can	differ	0	1
everyone	do over	holidays	0	0
france	have	president	0	1
bottled water	was	invented	0	1
farmer	provide nitrogen to	soil	0	1
politician	need	donations	0	1
birthday	get	worse	0	1
oven	can	click	0	0
bacterium	gain	resistance to antibiotics	0	1
people	be scared of	hitler	0	1
human	can procreate with	other species	1	1
pretzel	be in	shape	0	1
people	down vote up	up vote	0	0
nail	feel	tight	0	1
woman	die in	police custody	0	1
deal	be with	breakup	0	0
plane	keep fuel in	wings	0	1
bone	crack	sound	0	0
rabbit	have fur in	summer	0	1
poop	be	transformed	0	1
canberra	was used	built	0	0
cyst	be	able	0	0
couple	get	tax breaks	0	1
cucumber	can	quickly	0	0
tide	be high in	bay of fundy	0	1
land	be cheap in	hawaii	0	1
christianity	was appealing to	roman empire	0	1
elizabeth	kill	jack	0	0
follower	can	equip	0	0
python	squeeze	prey	0	1
dolphin	be most intelligent animal next to	humans	0	1
physicist	fear	death	0	1
boomerang	go	blurry	0	0
concussion	can	mean	0	0
panhandle	be part of	oklahoma	0	1
thing	be in	philippines right now	0	0
man	hate much	women	0	1
child	run away from	home	0	1
human	make	aye-aye endangered	0	0
mammal	excrete	solid waste	0	1
nicotine	be bad before	surgery	0	1
trouble	be with	monkey watch	0	0
economist	compute	real gdp	0	1
bean	produce	gas	0	1
ticket	can	have	0	0
br	be calculated in	rb ground	0	0
bottled water	seem to	taste better than tap	0	1
baby	have	mouth open	0	1
wedding	have	bridesmaids	0	1
muscle	get	fatigued	0	1
particle	carried by	river	0	1
nitrogen	be used in	airbags	0	1
cat	need	shots	0	1
north american	live in	land	0	0
evening	smell like	wood fire	0	1
film	be shot on	tape	0	1
people	leave	inactive masons	0	0
prayer	express faith in	god	0	1
get	can	underground	0	0
soap	affect	oil	0	1
cobbler	can	york	0	0
wrestler	can	workout	0	1
water	be important for	life	0	1
steak	come out	chewy	0	1
sir	toby	marry	0	0
desert	increase in	size	0	1
sportsman	bite	medals	0	1
iron ore	be important to	us	0	0
writer	be afraid	killing	0	0
debris	be dangerous in	space	0	1
grandpa	be rated	pg-13	0	0
clay	be used for	pots	0	1
bacillus	can	organisms	0	0
folk	drink	milk	0	1
paper clip	smell like	urine	0	0
water	flows in	mountains	0	1
people	end	missions	0	1
uber	make	loss	0	0
speel	can	cost	0	0
circuit	need	grounded	0	0
continent	be called	continents	0	0
decoration	be scored twice for	e7	0	0
people	has	armpits	0	1
kneecap	can	pop	0	1
carbon dioxide	be let out of	body	0	1
oxygen	can	kill	0	1
muslim	love shopping at	ross	0	0
christian	persecute	christians	0	0
dinosaur	be bigger than	mammals	0	1
people	use	checks	0	1
people	visit	fontainebleau	0	1
death	be viewed in	islam	0	0
sweat	be	alike	0	1
bill	be relevant	today	0	1
rhubarb	turn	red	0	1
razor	irritate	skin	0	1
praying	affect	people	0	1
coffe	was	invented	0	1
transformation	can	attacks	0	0
scorpio	know	everything	0	0
blowout	can	zero	0	0
cloud	appear	white	0	1
jaw	can	click	0	1
chairperson	be	choice	0	0
telephone	calls	work	0	0
gas	be easy to	extract	0	1
idea	laws in	fiji	0	0
fruit	be useful to	plants	0	1
mammal	can	excrete-	0	1
people	find	guilds	0	0
organism	obtain	habitat	0	0
researcher	randomly assign participants to	conditions	0	1
magnet	affect	electronics	0	1
horse	jump out of	fields	0	1
people	use	airplanes	0	1
estate	be expensive in	connecticut	0	1
dev	hate	america	0	0
bird	be in	hand	0	0
leopard	have	spots	0	1
neutrino	have	mass	0	0
plant	interact with	dogs	0	0
democrat	just want	lose	0	0
cyclone	be called	cyclones	0	0
osprey	become	extinct	0	1
jail	can charge	people	0	1
people	gift	plates	0	1
oak	go	black	0	1
english	get called	poms	0	1
basophil	release	histamine	0	1
farmer	castrate	cattle	0	1
verb	be formed in	japanese	0	0
fishing	be in	ireland	0	1
dentist	can show	face	1	1
computer mouse	have	lights	0	1
face	has_color	black	0	1
everything	taste like	chicken	0	0
people	hate	silvers	0	0
saddam hussein	was	bad	0	1
skin	can	tickle	0	1
resin	be	made	0	1
woman	cut off completely	men	0	1
everyone	feel about	draft	0	0
player	drop	lp	0	0
eagle	be good	spotting	0	1
tennis ball	be	different	0	0
photosynthesis	be crucial to	life	0	1
quarter	quell	mean	0	0
player	go club	sing	0	0
sodium	loses	electron	0	0
jew	eat	apple	0	1
picture	have	captions	0	1
government	change in	areas	0	0
judaism	really differ from	christianity	0	1
park	south keep	going	0	0
clock	keep	resetting	0	0
thing	stay during	thunderstorm	0	0
tom	go	night	0	0
mexican	can	immigrate	0	1
element	change	color	0	1
chinchilla	grind	teeth	0	1
papaya	be called	pawpaw	0	1
people	need silence	sleep	0	1
duck	run from	people	0	1
dog	need	neutered	0	1
american	drive in	europe	0	0
acid	be destroyed by	heat	0	1
engine	can	sputter	0	1
dolphin	be	great	0	1
earthquake	be in	oklahoma	0	1
puppy	can	wrestle	0	1
golf	be	different	0	0
american	eat	pork	0	1
student	drink	coffee	0	1
plant	make	food	0	1
air conditioner	keep	freezing	0	1
ops	take forever	download	0	0
candidate	run for	office	0	1
amazon	can leave	island	1	1
hair	be called	bangs	0	1
people	prefer	playing	0	0
weed	has_color	white	0	1
antagonist	can	mean	0	0
marble	feel	cold	0	1
lysosome	be called	clean	0	0
socialist	running out of	food	0	0
moth	go in	closets	0	1
cat	get stuck	mating	0	0
armenian	can	vegan	0	0
jew	believe after	holocaust	0	1
state	be held on	wednesday night	0	0
chameleon	can	wobble	0	1
muslim	follow muhammad in	different ways	0	1
lung	get filled with	water	0	1
tornado	hit	large cities	0	1
hook	be important	climbing	0	1
customer	importance of is	service	0	0
trailer	give away	everything	0	0
element	share	electrons	0	1
moon	moving away from	further earth	0	1
lizard	be scared of	peacock feathers	0	1
flea	eat	blood	0	1
volleyball	be in	olympics	0	1
eagle	break	beaks	0	1
chicken	bust	eggs	0	0
butterfly	get	nectar	0	1
shark	breathe in	oxygen	0	1
kidney stone	stay in	kidney	0	0
metal	has_color	silver	0	1
insect	eat	pollen	0	1
edinburgh	be purple	castle	0	0
light	be better than	blue	0	0
flour	go	brown	0	1
ladybug	be called	ladybird	0	1
hen	lay daily	eggs	0	1
runner	jump in	water	0	0
love	be before	marriage	0	1
government	provide goods in	economy	0	1
animal	identify	plants	0	1
city	be in	us	0	1
koala	eat	eucalyptus	0	1
propanol	dissolve in	water	0	1
man	use	woman	0	1
geisha	can	kyoto	0	0
vesicle	transport molecules out of	cell	0	1
liver	produce	bile	0	1
pennsylvania	be great place	live	0	0
google	evaluate	website	0	1
sega	be much more superior to	nintendo	0	0
motorcycle	be named	indian	0	1
muscle	become	stronger	0	1
most people	be in	england	0	0
banana	have	potassium	0	1
nasa	vermin off	shuttles	0	1
rock n roll	rock	music	0	0
trump	be	president	0	1
solid	be less dense than	liquids	0	1
penguin	look	different	0	1
tree	removing	bark	0	1
pelican	eat	birds	0	1
cell	have	dna	0	1
people	go online	fight	0	1
artist	see	world	0	1
cliff	rock	falls	0	0
human	listen to	music	0	1
atp	be recycled in	cell	0	1
hospital	be allowed	charge	0	1
european	ship amounts around	world	0	0
cinema	get	movies	0	1
coconut	float on	water	0	1
cow	has	milk	0	1
salt	dissolve easily in	water	0	1
sex	be different from	gender	0	1
mole	grow back as	moles	0	0
baby	eat	food	0	1
tree	can	spiral	0	0
woman	take long in	bathroom	0	1
cat	follow around	house	0	0
skin	has_color	red	0	1
dog	lick	grass	0	1
yellow	has_color	white	0	0
fruit	has_color	blue	0	0
dog	live without	people	0	1
thing	happen to	good people	0	1
car	be with	manual transmission manufactured	0	1
anxiety	can mimic	heart attack	0	1
california	start on	path	0	0
tank	have exposed	tracks	0	1
indian	hate much	nepalese	0	1
american	be fascinated by	extreme fitness	0	1
america	be afraid of	colin kaepernick 's protest	0	1
fish	live with	goldfish	0	1
music	be considered	friend	0	0
vietnam	be under	communist regime	0	1
people	wear	clothes	0	1
people	can visualize	four spatial dimensions	1	1
people	can	resign	0	1
lawyer	wear	gowns	0	1
people	pursue	phd	0	1
islam	be more influential than	christianity	0	1
democrat	losing	elections	0	0
most americans	measure distance by	hours of driving	0	1
woman	wear	dresses	0	1
people	believe in	conspiracy theories	0	1
china	pressure	india	0	1
brazilian	speak	portuguese	0	1
people	be sensitive about	hotel ad	0	0
people	can use telepathy	communicate with dead	1	1
good person	go to	hell	0	1
people	feel without	reason	0	1
woman	be afraid	getting with men	0	1
human	love	stories	0	1
indonesia	can become	industrialized	1	1
people	can control yet	weather	1	1
people	believe in	supernatural power	0	1
hair	stick well to	shower wall	0	1
squid	be called	squid in holes	0	0
hydrogen	exist as	diatomic molecule	0	1
gas	be cheaper than	oil	0	1
george	be fired with	cleaning woman	0	0
dog	can	interbreed	0	1
ice	be considered for	teeth	0	0
nitrogen	have at	room temperature gases	0	1
kinetic energy	affect	stopping distance	0	1
spectrum	go to	dark	0	1
lion	kill	young	0	1
animal	run in	motion	0	0
fabric	can	wrinkle	0	1
understanding	be important to	astronomers	0	1
marijuana	be impact to	world	0	0
blood cell	be different in	shape-slightly-in	0	0
electricity	can	jump	0	1
planet	be found in	other solar systems	0	1
people	asking for	pics	0	1
apple	get first	apps	0	1
cellular respiration	be higher in	germinated peas	0	1
donkey	can	nudge	0	0
singer	do	encores	0	1
people	be named	brian historically huge pussies	0	0
power	be transferred in	absolute monarchy	0	1
ensemble	can	mean	0	0
coast	be colder than	pacific	0	1
debt	be expressed on	balance sheet	0	1
practice	be in	other religions	0	0
race	be organized like	cable television	0	0
buddhism	be just as bad as	religion	0	0
turbine	have	3 blades	0	0
doctor	use	stitches	0	1
food	can	work	0	0
information	be translated during	protein synthesis	0	1
token	be regulated in	estonia	0	0
soy	have	gluten	0	0
many people	be scared	giving	0	1
student	be taught about	holocaust	0	1
fire	be important in	religion	0	1
oil	prevent iron grills from	rusting	0	1
water	act as	agent of erosion in desert	0	1
range	can	work	0	0
buffalo	can	breed	0	1
hummingbird	go to	flowers	0	1
project	can	reviews	0	0
people	be already playing	call of duty modern warfare 2	0	0
decay	be useful in	nature	0	1
people	pray	rosary everyday	0	1
gas	be considered	noble	0	1
farmer	spread manures in	fields	0	1
benzoic acid	have	low melting point	0	1
kid	can find	pocket knives	0	1
game	be counted as	purchases	0	0
helium	differ from	other noble gasses	0	1
airplane	leave jet streams in	sky	0	1
david	relate to	judaism	0	1
administrator	participate in	sport	0	0
earthquake	release	energy	0	1
dragon	can	mate	0	1
accountant	use	worksheets	0	1
electric guitar	produce	sound	0	1
acid	burn	skin	0	1
airline	join	alliance	0	1
enzyme	takes part in	chemical reactions	0	1
dog	eat	bones	0	1
galaxy	can	spiral	0	1
earthquake	can	move	0	0
african	enjoy	playing	0	1
human	normally produce	feces with low water content	0	1
eagle	have	yellow eyes	0	1
aeroplane	take off into	wind	0	1
earthworm	digest	food	0	1
consumer	benefit from	competition	0	1
electron	form	bonds	0	1
people	have	accents	0	1
people	wear	berets	0	1
abrasion	can	occur	0	0
water	look	blue	0	1
earthquake	affect	area	0	1
enzyme	can	denature	0	0
engine	lose	energy	0	1
water	thrown in	air	0	0
farmer	enrich	soil	0	1
water	resist	compression	0	1
enzyme	speed up	chemical reaction	0	1
farmer	keep	geese	0	1
technology	keep	advancing	0	1
water	become	dense	0	0
base	dissolve in	water	0	1
dog	express	love	0	1
dog	get	pneumonia	0	1
water	remain during	summer	0	1
airplane	cause	pollution	0	1
consumer	benefit from	global trade	0	1
vampire	hate	sun	0	1
water	stick to	itself	0	1
family	go to	disneyland	0	1
dog	obtain	food	0	1
donkey	can	hear	0	1
contribution	influence	voting	0	0
family	can	change	0	1
airline	overbook	flights	0	1
earthworm	can	decompose	0	1
water	dissolve	many substances	0	1
earthquake	can	occurs	0	1
dog	can	hug	0	1
accountant	get	paid	0	1
titan	have	atmosphere	0	1
water	rising in	capillary tube	0	1
eye	go	bad	0	0
fuse	can	melt	0	1
doorbell	can	work	0	1
dog	can	communicate	0	1
dog	get	roundworms	0	1
farmer	keep	pigs	0	1
earthworm	can	reproduce	0	1
explosion	can	occur	0	1
eel	produce	electricity	0	1
adult	have	stem cells	0	1
dog	catch	cold	0	1
eye	get	blurry	0	1
acid	cause	reactions	0	1
doctor	treat	eating	0	0
water	rise up	tree	0	1
earthquake	make	waves	0	1
fungi	grow on	decaying logs	0	1
earthquake	can	spread	0	1
adult	need	sleep	0	1
people	talk	french	0	1
element	achieve	noble gas configuration	0	1
airplane	stay in	flight	0	1
doctor	treat	angina	0	1
electron	produce	light	0	1
earthquake	affect	animals	0	1
fox	live in	holes	0	1
uranium	give out	energy	0	1
electron	exist in	metal	0	1
continent	can	develop	0	1
hiv	cause	poverty	0	1
actor	become	famous	0	1
engineer	evaluate	designs	0	1
adaptation	arise in	species	0	1
consumer	affect	business	0	1
tin	react with	acid	0	1
continent	can	drift	0	1
people	dance on	christmas	0	1
expert	say	sleep	0	0
dolphin	use	see	0	0
earthquake	cause	chaos	0	1
farmer	grow	crops	0	1
eye	can	flicker	0	1
dog	get	killed	0	1
titanium	resist	corrosion	0	1
earthworm	obtain	energy	0	1
people	get along with	other people	0	1
fox	dig	holes	0	1
african	playing	music	0	1
engine	can	run	0	1
water	move through	gravel	0	1
adult	use	body language	0	1
gravity	affect	falling object	0	1
water	move from	roots	0	1
tide	occur at	regular times	0	1
elephant	eat	bark	0	1
experiment	dealing with	human subjects	0	1
eye	need	color	0	0
earthworm	respond to	stimuli	0	1
animal	lay	many eggs	0	1
water	boils at	higher temperature	0	1
child	void	parent	0	0
actor	fly on	stage	0	0
uranus	have	27 moons	0	1
earthquake	can	destroy	0	1
people	say	bathroom	0	0
dolphin	use	sound waves	0	1
earthquake	takes	place	0	1
telescope	be in	space	0	1
earthquake	damage	environment	0	1
human	look	different	0	1
magnetism	act on	objects	0	1
earthquake	cause	tsunami	0	1
water	leaking to	ground	0	1
uganda	have	child soldiers	0	1
actor	get	paid	0	1
gas	exert pressure on	walls of container	0	1
electron	move between	shells	0	1
eye	can	hurt	0	1
doctor	treat	sleeping	0	0
bed bug	has_color	black	0	1
college	be involved in	sexual assault cases	0	0
cell	be made of	semiconductors	0	1
plant	adapts to	ecosystem	0	1
people	manage	2 sets of rates	0	0
people	live in	chicago	0	1
researcher	use	focus groups	0	1
window	be better than	mac for gaming	0	1
alcoholic	can	vomit	0	1
sugar glider	be called	sugar gliders	0	0
entertainment	can	exist	0	0
song	use	rhyme	0	1
glass	be similar to	ceramic	0	0
light	stimulate	sneezes for people	0	1
egg	can	boil	0	1
planet	go in	retrograde motion	0	0
shark	know in	water	0	0
key	be drawn on	graphs	0	0
rotation	affect	earth	0	1
brain	generate	randomness	0	1
deviation	be called	best of measures of dispersion	0	1
toolbox	can	smell	0	0
moses	flee	egypt	0	1
london	get	everything	0	0
organ	be made up of	small cells	0	1
tug	be bad for	dogs	0	1
volume	affect	density of object	0	0
living	be in	italy	0	0
angel	show up on	camera	0	1
democrat	cause	school shootings	0	0
object	go through	walls	0	0
acid	can exist in	equilibrium	0	1
white wine	be served wine at	room temperature	0	1
guy	differ from	dating girls	0	0
tar	be put in	cigarettes	0	1
hand	be poor standard of	length	0	1
flea	be attracted to	color white	0	0
amount	be important per	unit	0	1
stain	look	different	0	0
ss	be used in	eu	0	0
seed	more effective means than	spores in dry environment	0	1
beauty	be important in	life	0	1
king	have	two forms	0	0
lens	affect	light	0	1
puppy	can	attack	0	1
scandal	be called	gate	0	1
helicopter	fly over	nashville	0	1
stomach	rumble during	pregnancy	0	1
wasp	can do	blood transfusions	1	0
muslim	get	more protections than anyone else	0	1
doctor	be known	have	0	0
java	have	static	0	1
fraternity	serenade	sororities	0	1
day	can	break	0	0
member	can	zone	0	0
reference	be	stored	0	0
people	believe in	miracles	0	1
prostitute	call	customers johns	0	0
gelatin	be in	everything	0	1
child	form	strong attachment to toy	0	1
chewing gum	be against	law in singapore	0	1
squid	have	ink	0	1
chicken	be dipped in	batter	0	1
vegan	justify	carnivorous plants	0	0
complex number	be important in	quantum mechanics	0	1
girl	stay	single	0	1
conservative	be	totally wrong	0	0
desert tortoise	get	water	0	1
penguin	jump off	cliffs	0	0
everyone	hate director on	show	0	0
tax	work with	daily option trades	0	0
mongolian	hate much	chinese people	0	1
human	go in	uniform	0	1
violin	can	squeak	0	1
plastic	can	burn	0	1
territory	can	mean	0	0
discipline	be emphasized much in	taekwondo	0	1
bacchus	be called	joust father	0	0
dog	be important to	environment	0	1
meet	be eaten in	early maya	0	0
airline	charge for	seats	0	1
crocodile	drown	prey	0	1
new york	be best place	live	0	0
transport	have	high initial rate	0	1
water	get into	pipes	0	1
planet	keep	moving forever	0	1
quantifier	be important in	symbolic logic	0	1
marijuana	be better than	alcohol	0	0
dream	feel	incredibly vivid	0	1
animal	obtain water in	arctic	0	1
trump	be president of	usa	0	1
man	fall quickly out of	love	0	1
art	contribute to	world	0	1
plaster	has_color	brown	0	1
piano	be example of	string instrument	0	1
dye	can	stain	0	1
hamster	turn	white	0	1
root	help	flower	0	1
child	can help out around	house	0	1
drink	be placed in	glass	0	1
cappuccino	has_color	white	0	1
bee	visit	flower	0	1
lady	love man in	uniform	0	1
honda	be most stolen	car	0	1
apartment	charge for	parking	0	1
water	be in	shower	0	1
bee	transport	pollen	0	1
dog	be seen near	fishing	0	0
child	cry at	night	0	1
tree	generate	electricity	0	0
bird	be chatty in	morning	0	1
onion	go	pink	0	1
animal	be thrown on	ice	0	0
paddle	has_color	yellow	0	1
arch	has_color	yellow	0	1
people	eat eggs for	breakfast	0	1
kangaroo	eat	grass	0	1
carbon	enter	human body	0	1
cloud	keep at	night	0	1
monkey	beat	chest	0	1
football	bring together	people	0	1
dog	can	travel	0	1
man	develop	guts	0	1
fish	remove oxygen from	water	0	1
boy	get boners in	morning	0	1
people	vote for	security	0	1
violet	have	black hair	0	0
animal	see	world	0	1
camp	be supplied with	water	0	1
people	get dressed in	morning	0	1
religion	be in	world	0	1
olive oil	be more dense than	water	0	1
star	be classified by	temperature	0	1
snail	get	shell	0	1
metal	get	rust	0	1
coyote	get water in	winter	0	1
bear	go to	bathroom	0	0
sorbet	be better than	ice cream	0	0
fawn	can	father	0	1
girl	love much	chocolate	0	1
people	confusing rat for	mouse	0	1
turtle	can breathe	underwater	0	1
wolf	need	moon	0	1
ship	shape like	fish	0	1
people	sleep in	space	0	1
football player	spit out	water	0	1
boy	stalk	girl	0	1
ocean	be at	night	0	0
balloon	pop in	sunlight	0	1
people	do	graffiti	0	1
freckle	be sign of	beauty	0	1
people	paralyzed from	waist	0	1
woman	drink	tea	0	1
supply	relate	netflix	0	0
economist	study	savings rates	0	1
yogurt	be	formed	0	0
seed	be	scattered	0	1
gravity	be considered as	non contact force	0	1
people	be scared of	uranium mining	0	1
school	be in	arizona start	0	0
firm	offer	warranty	0	1
cockatoo	put up	crest	0	1
police	be in	new mexico need	0	0
bride	have	trains	0	1
cheese	have	less sodium	0	1
hospital	use	pagers	0	1
milk	go well with	certain things	0	1
hair	pull	addiction	0	0
creature	be in	deep ocean huge	0	1
smell	be strongest sense to	memory	0	1
digestive system	be different in	various organisms	0	1
pony	feel about	dally	0	0
people	wear socks with	shorts	0	1
human	detect	moods	0	1
people	love	game of thrones	0	1
college	be	payed for	0	1
human	enjoy	carbonated drinks	0	1
kid	do	dangerous stuff	0	1
turtle	have filled with	caramel candies	0	0
people	get stuff	released	0	1
trade	be in	work	0	1
human	get much faster	smelly	0	1
girl	be mean to	other girls	0	1
doctor	be plagued by	depression	0	0
everyone	hit	puberty	0	1
people	level widow over	loki	0	0
religion	be such big thing in	america	0	1
people	wanting	trade	0	0
trump	captures	white house	0	1
life	be with	ankylosing spondylitis	0	0
elf	supposedly can see far into	distance	0	1
everyone	study	english language	0	1
dex	consume	power	0	0
magnet	run	electric vehicle	0	0
force	carrying	particles work	0	0
light	can	shimmer	0	1
pro	switch weapons	time	0	0
thing	give way after	while	0	0
people	suddenly fall out of	love	0	1
talon	be with	infinity edge	0	0
mercury	be most irritating assassin	play	0	0
company	give money to	congressmen	0	1
marijuana	counteract	asian glow	0	0
lesbian	win against	journalists	0	1
living	be bad between	20-30	0	0
flower	be placed on	graves	0	1
killer	whine about	flashlight	0	0
everybody	feel about	black cauldron	0	0
people	code at	night	0	1
life	be	formed	0	0
isis	fight against	syrian rebels	0	1
fart	affect	depression	0	0
animal	pause	then move	0	1
everything	need	explained away	0	1
people	sell	these	0	0
view	can	work	0	0
bee	can live even indoors in	winter	1	1
russia	intervene in	syria	0	1
streamer	rely on	overlays for draft	0	0
boiling point	relate to	hardcore henry	0	0
rabbit	be seen as	lesser animal	0	0
people	experiencing	pain	0	1
fork	be	made	0	1
lens	affects	phoenix skills	0	0
newspaper	have to	mess with rambo	0	0
prisoner	bribe	guards	0	1
everyone	have domesticated	cats	0	1
man	affect	society	0	1
muslim	hate	everyone	0	1
band	create	songs	0	1
matter	be spread evenly throughout	universe	0	1
up	go	long way around	0	0
dog	feel	need lick	0	1
people	know	weakness of monster	0	1
bacterium	be in	water samples counted	0	1
lee	be sat on	plaintiff 's side	0	0
game	be mixed in	in apps in play store	0	0
thing	be like	crystal lite 2 go	0	0
man	really like	suck	0	0
pulse	cast	games	0	0
everyone	hate	+ j = t	0	0
baseball	be much better than	other sport	0	0
people	get	yield from mob farms	0	0
leverage	can	work	0	1
soccer	be watched sport in	world	0	1
fish	provide	nutrients for plants	0	1
people	actually enjoy	sites like 4chan 's	0	0
style	can	change	0	1
people	get	man coverage	0	0
insect	get into	enclosed light fixtures	0	1
worker	be in	central	0	0
roger	be on	roster	0	0
people	using	cocaine	0	1
many people	be sexist with	guys	0	0
beverage	be	made	0	1
talc	cause	cancer	0	1
blueprint	be for	life	0	1
elephant	be important to	india	0	1
elephant	live	in the jungle	0	1
elephant	face	east	0	0
elephant	can	adapt	0	1
elephant	was used	in the ancient world	0	1
elephant	mourn	dead	0	1
elephant	related	to humans	0	1
elephant	help	other animals	0	1
elephant	put sand on	themselves	0	1
elephant	exchange	gases	0	1
elephant	download	baby	0	0
elephant	climb	trunk	0	0
elephant	bear	baby	0	1
elephant	download this cute illustration with	baby	0	0
elephant	be	ear	0	0
elephant	fry	ear	0	0
elephant	trek	travel	0	0
elephant	forbid love in	water	0	0
elephant	eat	bark	0	1
elephant	have	tusk	0	1
yellow	has_property	river flood	0	0
reporting	has_property	incorrectly thing	0	0
juice	has_property	opaque	0	1
christianity	has_property	popular religion	0	1
chlorine	has_property	metal	1	0
shadow	has_property	ultimate life form	0	0
water	has_property	newtonian	0	0
cotyledon	has_property	shriveled	0	0
terrier	has_property	hypoallergenic	0	0
cholesterol	has_property	genetic	0	1
glacier	has_property	salty	1	0
botswana	has_property	legitimate	0	0
cirrus	has_property	uk	0	0
alcohol	has_property	most used drug	0	1
people	has_property	eager	0	1
nigeria	has_property	underdeveloped country	0	1
plague	has_property	gone	0	0
human	has_property	able	0	0
model	has_property	fit	0	1
constant	has_property	variable	0	0
bacon	has_property	ham	0	1
alignment	has_property	kit	0	0
muscle cell	has_property	elongated	0	1
sea shells	has_property	quest	0	0
google	has_property	banned in china	0	1
date	has_property	awkward	0	0
atr	has_property	certificate	0	0
contraction	has_property	stronger	0	1
malaria	has_property	communicable	0	1
vegan	has_property	preachy	0	1
laptop	has_property	refurbished	0	1
wednesday	has_property	early year	0	0
sheep	has_property	lamb	0	1
mumbai	has_property	growing city	0	1
carbon dioxide	has_property	when added	0	0
dance	has_property	universal	0	1
art	has_property	universal	0	1
lake erie	has_property	polluted	0	1
rectangle	has_property	ks2	0	0
jumper cable	has_property	car	0	0
twin	has_property	jet	0	0
technician	has_property	hourly pay	0	1
houston	has_property	flooded	0	0
foot	has_property	smelly	0	1
synthesis	has_property	unique	0	0
fur	has_property	expensive	0	1
racism	has_property	negatively charged word	0	1
grade	has_property	inflated	0	0
moss	has_property	pioneer species	0	1
meth	has_property	issue	0	0
russia	has_property	country	0	1
black hole	has_property	formed	0	1
nico	has_property	dwarf	0	0
miami	has_property	unique	0	1
color blindness	has_property	common	0	1
guardian	has_property	killed	0	0
hook	has_property	even debated	0	0
half	has_property	numb	0	0
hydrogen	has_property	electronegative	0	0
cell	has_property	around	0	0
trinity	has_property	relevant	0	0
regression	has_property	special	0	0
playa	has_property	blanca	0	0
boxing day	has_property	holiday	0	1
earthworm	has_property	moist	0	1
ping pong	has_property	zoned	0	0
banana peel	has_property	zoned	0	1
smelt	has_property	kosher	0	0
steroid	has_property	lipid	0	1
mean	has_property	arterial pressure closer to diastolic	0	0
guy	has_property	emotionally unavailable	0	0
federalist	has_property	year	0	0
uber	has_property	legal	0	1
un	has_property	unscrambled	0	0
ranger	has_property	college	0	0
canberra	has_property	capital city	0	1
biography	has_property	hindi	0	0
recall	has_property	banned	0	1
state	has_property	economy	0	1
playground	has_property	safe	0	1
italian	has_property	friendly white people	0	0
jesse	has_property	poser	0	0
uber	has_property	priced higher	0	1
stole	has_property	dog	0	0
guitar	has_property	expensive	0	1
cyst	has_property	formed	0	1
nucleic acid	has_property	vaccine	0	1
american samoa	has_property	us territory	0	0
act	has_property	passed	0	1
brown	has_property	adipose tissue brown	0	0
panda	has_property	bear	0	1
graffiti	has_property	beautiful	0	1
dna	has_property	acid	0	1
veterinarian	has_property	good job	0	1
enema	has_property	painful	0	1
libra	has_property	non living sign	0	0
vegetarian	has_property	hungry	0	1
germany	has_property	interesting	0	0
bridge	has_property	covered	0	0
pink	has_property	inspirational	0	0
selenium	has_property	preferred	0	0
goalie	has_property	number 30	0	0
insurance	has_property	renting	0	0
flower	has_property	expensive	0	1
pig	has_property	gross	0	0
fluoride	has_property	neurotoxin	0	0
dinosaur	has_property	bipedal	0	1
ovum	has_property	wiki	0	0
line	has_property	similar	0	0
snail	has_property	grouped together	0	0
american	has_property	free	0	1
magnesium	has_property	metal	0	1
unicorn	has_property	quiz	0	0
poetry	has_property	valued art form	0	1
people	has_property	self-depricating	0	1
puzzle	has_property	piece	0	1
rim	has_property	number	0	0
california	has_property	poor	0	0
wizard	has_property	x220s	0	0
tape	has_property	insulator	0	0
glue	has_property	sticky	0	1
ischemia	has_property	reversible	0	1
hyena	has_property	endangered	0	0
ice cream	has_property	fermented	0	0
brown	has_property	favorite color	0	1
woman	has_property	easiest	0	0
employee	has_property	exempt	0	0
chlorine	has_property	ionic compound	0	0
engine	has_property	when above idle	0	0
pay	has_property	uk	0	0
matrix	has_property	multiplication n ^	0	0
transporter	has_property	automated	0	1
defense	has_property	mechanism	0	1
pine	has_property	flammable	0	0
lsd	has_property	one time drug	0	0
bureaucracy	has_property	inefficient	0	1
tomato	has_property	fruits	0	1
season	has_property	disliked	0	0
cellular protein synthesis	has_property	proceeds	0	0
sleep	has_property	biologically important	0	1
homework	has_property	graded	0	1
brazil	has_property	poor	0	1
school	has_property	stressful	0	1
tornado	has_property	studied by meteorologists	0	0
brac	has_property	reef resort	0	0
deer	has_property	scared	0	1
occupation	has_property	necessary	0	1
smurf	has_property	even allowed	0	0
meme	has_property	video now	0	1
drawing	has_property	forbidden	0	0
potassium hydroxide	has_property	basic	0	0
realtor	has_property	capitalized	0	0
clog	has_property	reviews	0	0
wheel	has_property	awesome	0	0
niagara	has_property	mohawk	0	0
resonance	has_property	more stable	0	1
burberry	has_property	high school	0	0
math	has_property	abstract	0	1
endocrine gland	has_property	necessary	0	0
coal	has_property	important mineral	0	1
sleep	has_property	physiologically necessary	0	1
battery	has_property	alkaline	0	1
sagitta	has_property	horse	0	1
russia	has_property	allies	0	1
thomas	has_property	animated now	0	0
onion	has_property	spicy	0	1
formula	has_property	criticized	0	0
sourdough	has_property	bread	0	0
heather	has_property	banned	0	1
brussels sprout	has_property	recipe	0	0
experiment	has_property	useful	0	1
fluorine	has_property	most electronegative	0	1
road	has_property	salted	0	0
smartphone	has_property	expensive	0	1
mite	has_property	guitar	0	0
zeus	has_property	married	0	1
ebony	has_property	jenkins	0	0
singapore	has_property	developed	0	1
motorway	has_property	road conditions	0	0
water	has_property	molecule	0	1
cleavage	has_property	painful	0	0
circumcision	has_property	practiced	0	1
ampere	has_property	hour	0	0
wild animals	has_property	endangered	0	1
alcoholic	has_property	lonely	0	1
separation	has_property	done	0	0
covariance	has_property	year	0	0
sweden	has_property	interesting	0	0
virgo	has_property	mutable	0	0
camel	has_property	alive	0	1
government	has_property	science	0	0
ottoman	has_property	pouf	0	0
hanging	has_property	painful	0	1
microorganism	has_property	ratio	0	0
sound	has_property	made	0	1
liver	has_property	swollen	0	0
rep	has_property	erc20	0	0
doctor	has_property	are overworked	0	1
typology	can	work	0	0
phobia	has_property	cured	0	1
hakeem	has_property	pregnant	0	0
baboon	has_property	smart	0	1
suicide	be associated	as a selfish act	0	1
farmer	reduce	desalinization of farmland	0	1
vepse	can	type	0	0
everything	has_property	a mandala	0	0
bezel	set	sea glass	0	0
scar	has_property	vector	0	0
radio wave	be	generated	0	1
yen	has_property	cheaper than rupee	0	1
psoriasis	has_property	quiz	0	0
magic	has_property	apparently mistrusted	0	1
thank	be you in	hungarian	0	0
hispanic	has_property	an ethnicity	0	1
covalent bond	has_property	stronger than ionic bonds	0	1
superman	has_movement	closed	0	0
sears	be in	debt	0	1
stockbroker	can	zambia	0	0
order	be significant part of	creation	0	1
grad school	has_property	justified	0	1
northerner	can	quiz	0	0
salt	can be	helpful	0	1
karma	has_property	chameleon	0	0
sydenham	has_property	college	0	1
two	resemble	each other	0	0
olivia	become	command	0	0
emergency brake	be adjusted	on a 2000 cherokee	0	1
coke	has_property	different from crack	0	1
star	be	grouped	0	1
elecampane	has_property	made	0	0
intestine	has_property	good at absorbing food molecules	0	1
zebra	stay	in groups	0	1
sinkhole	be different from	caverns	0	1
thing	has_property	slippy	0	1
llama	has_property	a trend	0	1
tourism	has_property	an important industry in the caribbean	0	1
wife	not want	intimacy	0	1
husband	mistreat	wives	0	1
scale value	has_movement	measured	0	1
chlorophyll	be important to	plant	0	1
zooplankton	has_property	pronounced	0	1
inflation rate	can affect	a business	0	1
stripper	has_property	hard times dating	0	1
computer	has_body_part	brains	0	1
snoot	can	kill	0	0
wheat	has_property	more popular than barley	0	1
roadster	has_color	yellow	0	1
pisces	has_property	good match	0	1
box	has_color	brown	0	1
managership	can	work	0	1
sitcom	has_property	real	0	1
law	has_property	are legislated	0	1
end game	has_property	zero rated	0	0
morley	be in	south london	0	1
albuminuria	can	jelentse	0	0
pc	has_property	mas terrace	0	0
man	to be	the most important resource	0	1
speciation	has_property	different from adaptation	0	1
lightning	play	a role in the nitrogen cycle	0	1
rock	stay without	gravity	0	0
patter	has_diet	vegan	0	1
dashboard	be in	italian	0	0
silk	has_property	graded	0	1
vat	has_property	fair to all citizens	0	1
operation	has_property	broken	0	0
guy	get	a blow job	0	1
cartoon network	has_property	legit	0	1
beer	even have	calories	0	1
gettysburg address	has_color	yellow	0	0
friction	be important in	snowboarding	0	1
world war 1	relate to	world war 2	0	1
bell pepper	has_property	more expensive	0	1
simon bolivar	be	a nationalist	0	1
xbox	has_property	one having	0	0
protist	to be	small	0	1
skeletal muscle	be called	striated muscle	0	1
receiver	has_property	do	0	0
babirusa	can	communicate	0	1
hour	be calculated	on a tractor	0	0
scallop	look in	ocean	0	1
goose	bury	eggs	0	1
thyroiditis	has_color	yellow	0	1
metonymy	has_property	related	0	0
abraham lincoln	be famous in	illinois	0	1
la	can	quanta	0	0
football player	make	less than basketball players	0	1
raccoon dog	get	food	0	1
alcohol	has_property	magic mushrooms illegal	0	0
garlic	can	propagate	0	1
acidosis	has_property	genetic	0	1
toxin	build up	in food chain	0	1
entertainment	have	anything to get a teenager pregnant	0	0
petroleum	has_property	retrieved	0	1
stationery	has_property	quiz let	0	0
ischigualastia	can	work	0	1
radiant energy	be detected in	instrument	0	1
desalination	relate to	chemistry	0	1
bicarbonate	be on	bmw labeled as pco2	0	1
chlorpromazine	has_property	etc	0	0
specie	has_property	named	0	1
everyone	want	fail	0	1
easter	has_property	on a saturday	0	1
camel	has_property	long noses	0	1
farmer	can	migrate	0	1
quadriplegic	can have	functional organs	0	1
simon	be significant in	lord of flies	0	1
vasoconstriction	affect	body temperature	0	1
stimulant	has_property	related	0	0
printer	can	redirect	0	0
synthesizer	has_property	made	0	1
mercantilism	has_property	wrong	0	1
crime rate	be in	barbados	0	1
speech	has_property	justified	0	1
poltergeist	has_property	justified	0	1
diamond	need	to be certified	0	1
babble	has_property	game	0	1
augmentin	cause	dark urine	0	1
defendant	be used	in a sentence	0	1
x-ray	be used	in some manufacturing processes	0	1
god	to forgive	sins	0	1
digestion	be in	stomach	0	1
swindler	can	job	0	0
citric acid	affect	fingernails	0	1
ankle	can	ray	0	0
ka	can	work	0	0
pimple	get	bigger	0	1
thermosphere	has_property	divided	0	1
coward	be in	iliad	0	1
web site	has_property	quiz let	0	0
leprechaun	has_property	named	0	1
sulfur dioxide	has_property	lower boiling point	0	1
amblyopia	has_property	detected	0	1
bovril	can	vegetarian	0	1
northern	has_property	right whale	0	0
nicotine	has_property	a gateway drug	0	1
remote access unit	has_property	calculated	0	1
pearl	be made by	oysters	0	1
comment	be faded on	facebook 2018	0	1
servo	can	quit	0	1
dancer	has_height	short	0	1
radio reflector	can	work	1	1
realm	be locked in	god of war	0	1
henry ford	be god	brave	0	0
radiographer	wear	film badge	0	1
statistic	be used in	ancient times	0	1
endocrine system	differ from	nervous system	0	1
sand flea	has_property	killer	0	1
mariner	has_property	rebuilding	0	0
football player	play	football	0	1
dash	be used	in a sentence	0	1
christmas tree	be decorated in	christmas	0	1
snow leopard	live	in the snow	0	1
astronaut	go in	space	0	1
astronaut	get in	space	0	1
monkey	be called	monkeys	0	1
domestic violence	has_property	a problem	0	1
racism	has_property	a thing	0	1
christmas tree	be symbol of	christmas	0	1
number	be called	numbers	0	1
word	be called	words	0	1
artist	create	art	0	1
soccer	be called	football	0	1
domestic violence	has_property	a crime	0	1
musician	make	music	0	1
pet	be called	pets	0	1
snow	has_property	ice	0	1
heat	bend	light	0	1
graffiti	has_property	art	0	1
swimming	has_property	fun	0	1
carbon dioxide	has_property	a gas	0	1
christmas tree	be in	christmas	0	1
endangered species	has_property	a problem	0	1
ocean	look	blue	0	1
artist	make	art	0	1
white chocolate	has_color	chocolate	1	0
road	has_color	black	0	1
waterfall	has_property	water	0	1
animal	see	black	0	0
duck	be called	ducks	0	1
planet	be called	planets	0	1
graphite	be used as	lubricant	0	1
cloud	fall as	rain	0	1
gymnastics	has_property	a sport	0	1
cloud	turn	red	0	1
bell pepper	has_property	a fruit	0	1
leaf	get	water	0	1
organism	need	water	0	1
psychology	has_property	a science	0	1
graffiti	has_property	art	1	1
bird	fly	in a v	0	1
fish	breathe	underwater	0	1
architecture	has_property	art	0	1
greyhound	be as	pet	0	1
flower	has_color	blue	0	1
lake	has_color	blue	0	1
leaf	has_color	yellow	0	1
orange	has_color	red	0	0
house	get	water	0	1
flamingo	defend	itself	0	1
catherine	explain	affair of myrtle	0	0
premise	can affect	a business	0	1
individual	related	to populations in the organization of the biosphere	0	1
swarm	work in	pokemon platinum	0	0
howard	be considered	controversial comedian	0	1
stomach	digest	itself	0	0
deficiency disease	be called	noncommunicable disease	0	1
operator	cost more on	pc	0	0
gnp	has_property	number	0	1
sovereignty	has_trait	determined	0	1
shin bone	can	kiss	0	0
khmer rouge	has_property	xl	0	0
petty jury	has_property	formed	0	1
negative feedback	can be removed	on ebay	0	1
isocrates	has_property	working	0	0
gentamicin	can	levels	0	0
up	has_property	delivered	0	0
israel	be recognized as	country	1	1
legionella	has_property	detected	0	1
lizard	be most active in	warm weather	0	1
lifespan	can	jump	0	1
major	be called	chaos killer	0	1
electric car	look	weird	0	1
skinner	want	free	0	0
alpha fetoprotein	be elevated	in hepatocellular carcinoma	0	1
oceanography	has_property	useful	0	1
information	be	about phylogenetic relationships useful in classifications	0	0
rain gauge	has_property	quiz	0	0
nurse	has_property	afraid to report errors	0	1
spaying	has_diet	vegan	0	1
pi	has_property	important to be used in everyday life	0	1
savior	be spelled	two ways	0	1
islam	has_property	monotheistic	0	1
rate	be faster in	gases	0	0
cricket	has_movement	zip	0	0
butterfly	dance	together	0	1
sourdough	has_trait	extreme	0	0
monomer	relate	to polymers	0	1
lyme disease	enter	body	0	1
chlorura	has_property	que significant	0	0
noodle	close	stores	0	0
punjab	has_property	low literacy rate	0	1
electrical outlet	has_property	3 prongs	0	1
onion	has_trait	healthy	0	1
boron	has_property	in group 3	0	1
black	be called	african-americans	0	1
tuberose	can	use	0	0
beekeeping	can	zip	0	0
shrew	can	venom	0	1
cease	has_property		0	0
bread	has_property	used at holy communion	0	1
peacock	has_movement	zipped	0	0
reptile	be	like chameleons	0	1
solicitor	become	judges	0	1
ocean liner	has_property	via	0	0
chris	be better than	meg	0	0
montenegro	has_property	weather	0	0
anthrax	has_property	treated	0	1
ideology	relate to	government	0	1
brick	be vs	regular bricks	0	0
barrel roll	has_property	end	0	0
odysseus	choose	to listen to the sirens	0	1
feather	protect from	cold	0	1
drug abuse	be in	improper	0	0
shrew	has_color	green	0	0
so	be used	as a distress code	0	1
pirate	say	yo ho	0	1
islam	be graded on	curve	0	0
deadline	has_property	bad	0	1
revitalization	can	work	0	1
ice cream	be the dish of	kings	0	0
company	get	the snail extract venom	0	1
bottlecap	can	jump	0	1
hiccup	occur	while eating	0	1
hoot	has_property	a newer	0	0
everyone	be crazy about	pinny machete	0	1
business card	has_property	yugo	0	0
jew	accept	torah	0	1
team	can qualify for	world cup	0	1
suet	has_property	lard	0	1
andrew jackson	be called	first modern president	0	1
satellite	get	fuel	0	1
car insurance	be cheaper for	young females	0	1
s-shape	has_property	made	0	1
liquidity	has_property	defined	0	1
mariana	be in	italian	0	0
tachycardia	has_property	diagnosed	0	1
widow	has_property	avenger	0	1
george	leave	yankees	0	0
net	has_property	visible	0	1
trax	has_property	open play times	0	0
alabama	has_color	red	0	1
tracheostomy	can	know	0	0
pencil	has_color	yellow	0	1
papillon	can	work	0	0
heaver	has_property	quezada	0	0
electromagnetic wave	be different from	mechanical waves quiz	0	0
leatherjacket	can	quality	0	0
scientist	split	an adam's apple	0	1
